model,version,f1_mean,f1_std,purity_mean,purity_std,precision_mean,precision_std,recall_mean,recall_std
CLIP,Whole Image,0.284,0.067,0.297,0.115,0.171,0.063,0.973,0.065
CLIP,Whole Image + WB + Bright,0.283,0.058,0.294,0.106,0.167,0.044,0.990,0.024
CLIP,Lanczos Upscaled,0.271,0.033,0.280,0.084,0.159,0.028,0.975,0.071
ConvNeXt-Tiny,Whole Image,0.734,0.102,0.914,0.057,0.878,0.083,0.659,0.151
ConvNeXt-Tiny,Lanczos Upscaled,0.731,0.102,0.899,0.073,0.868,0.101,0.666,0.160
ConvNeXt-Tiny,Whole Image + WB + Bright,0.720,0.127,0.929,0.048,0.901,0.071,0.628,0.164
DeiT,Whole Image,0.551,0.222,0.929,0.045,0.867,0.074,0.460,0.242
DeiT,Lanczos Upscaled,0.555,0.224,0.929,0.046,0.870,0.075,0.463,0.242
DeiT,Whole Image + WB + Bright,0.483,0.173,0.946,0.042,0.882,0.080,0.365,0.172
DINOv3,Whole Image Embedding,0.723,0.202,0.878,0.075,0.816,0.107,0.744,0.280
DINOv3,Lanczos Upscaled,0.722,0.202,0.868,0.080,0.804,0.107,0.755,0.288
DINOv3,Whole Image + WB + Bright,0.720,0.198,0.885,0.076,0.824,0.104,0.735,0.290
EfficientNetV2,Whole Image,0.458,0.193,0.938,0.049,0.857,0.086,0.354,0.203
EfficientNetV2,Lanczos Upscaled,0.456,0.197,0.941,0.044,0.871,0.079,0.347,0.201
EfficientNetV2,Whole Image + WB + Bright,0.465,0.152,0.960,0.037,0.914,0.061,0.333,0.146
OSNet,Whole Image,0.565,0.177,0.794,0.156,0.637,0.259,0.723,0.301
OSNet,Lanczos Upscaled,0.557,0.177,0.793,0.160,0.637,0.266,0.712,0.299
OSNet,Whole Image + WB + Bright,0.404,0.149,0.649,0.296,0.562,0.364,0.631,0.323
SAM2,Whole Image,0.361,0.000,0.469,0.000,0.222,0.000,0.973,0.000
SAM2,Lanczos Upscaled,0.449,0.000,0.478,0.000,0.289,0.000,0.998,0.000
SAM2,Whole Image + WB + Bright,0.361,0.000,0.469,0.000,0.222,0.000,0.973,0.000
Swin,Whole Image,0.655,0.212,0.926,0.057,0.905,0.064,0.564,0.225
Swin,Lanczos Upscaled,0.655,0.213,0.926,0.056,0.907,0.067,0.564,0.226
Swin,Whole Image + WB + Bright,0.591,0.227,0.938,0.055,0.903,0.078,0.493,0.232
ViT,Whole Image,0.581,0.224,0.828,0.117,0.658,0.176,0.633,0.269
ViT,Lanczos Upscaled,0.563,0.200,0.816,0.106,0.629,0.161,0.629,0.263
ViT,Whole Image + WB + Bright,0.513,0.228,0.900,0.049,0.737,0.083,0.459,0.266
