label,description,model_family,variant,cluster_method,threshold,num_pred_clusters,cluster_purity,pairwise_f1,pairwise_precision,pairwise_recall
Whole Image Embedding,Full detection crop DINOv3 embedding baseline,dinov3,whole_embedding,greedy,0.4,5,0.2246376811594203,0.16795263881484807,0.09364831038798498,0.813094267861994
ViT Whole Image,Standard ViT-base supervised ImageNet embedding,vit,vit_whole,greedy,0.45,19,0.31521739130434784,0.17295813315030886,0.1263949843260188,0.27383863080684595
OSNet Whole Image,OSNet x1.0 MSMT17-trained whole-image CNN embedding (256x128),osnet,osnet_whole,greedy,0.625,63,0.782608695652174,0.35806096217407274,0.5524079320113314,0.26487367563162184
OSNet Fine-tuned Improved Whole Image,Improved OSNet checkpoint trained with identity-balanced batches and pairwise-F1 selection,osnet_finetuned_improved,osnet_finetuned_improved_whole,greedy,0.643,19,0.894927536231884,0.83125082204393,0.8057113717491076,0.8584623743547949
ConvNeXt-Tiny Whole Image,ConvNeXt-Tiny whole-image embedding,convnext,convnext_whole,greedy,0.5,60,0.5,0.15116445206458065,0.1594333936106088,0.1437109481119261
ConvNeXt-Tiny Whole Image,ConvNeXt-Tiny whole-image embedding,convnext,convnext_whole,greedy,0.55,92,0.6123188405797102,0.13638863428047662,0.20969560315670802,0.10105949470252648
ConvNeXt-Tiny Whole Image,ConvNeXt-Tiny whole-image embedding,convnext,convnext_whole,greedy,0.6,134,0.6956521739130435,0.08985382631126397,0.21524201853759012,0.05677804944308612
EfficientNetV2 Whole Image,EfficientNetV2 whole-image embedding,efficientnetv2,efficientnetv2_whole,greedy,0.5,88,0.6086956521739131,0.14506059493206022,0.2237960339943343,0.10730779679434936
EfficientNetV2 Whole Image,EfficientNetV2 whole-image embedding,efficientnetv2,efficientnetv2_whole,greedy,0.55,126,0.7282608695652174,0.1351461038961039,0.26704089815557336,0.09046454767726161
EfficientNetV2 Whole Image,EfficientNetV2 whole-image embedding,efficientnetv2,efficientnetv2_whole,greedy,0.6,180,0.8731884057971014,0.07188577055637618,0.38320209973753283,0.039663135017658245
DeiT Whole Image,DeiT small whole-image embedding,deit,deit_whole,greedy,0.5,39,0.4166666666666667,0.14271490209093926,0.12038073908174692,0.1752241238793806
DeiT Whole Image,DeiT small whole-image embedding,deit,deit_whole,greedy,0.55,60,0.48188405797101447,0.14030372261792767,0.13882978723404255,0.14180929095354522
DeiT Whole Image,DeiT small whole-image embedding,deit,deit_whole,greedy,0.6,86,0.5579710144927537,0.12638614613398147,0.14334941419710545,0.11301276826949198
FastReID Whole Image,FastReID ResNet-50 whole-image embedding,fastreid,fastreid_whole,greedy,0.575,1,0.19927536231884058,0.17683937450457593,0.09699604743083004,1.0
FastReID Whole Image,FastReID ResNet-50 whole-image embedding,fastreid,fastreid_whole,greedy,0.6,1,0.19927536231884058,0.17683937450457593,0.09699604743083004,1.0
FastReID Whole Image,FastReID ResNet-50 whole-image embedding,fastreid,fastreid_whole,greedy,0.625,1,0.19927536231884058,0.17683937450457593,0.09699604743083004,1.0
Face Region,Cropped face / head region embedding,dinov3,face_region,greedy,0.4,6,0.21739130434782608,0.16349840907236682,0.09619353909662555,0.5444172779136104
ViT Face Region,Face crop with ViT-base,vit,vit_face,greedy,0.45,19,0.31521739130434784,0.17295813315030886,0.1263949843260188,0.27383863080684595
Upper/Lower Parts,Split upper-body and lower-body crop embeddings,dinov3,person_parts,greedy,0.4,2,0.19927536231884058,0.17508435833242625,0.0972873257326035,0.873947296930182
Lanczos Upscaled,Lanczos-resized crop before feature extraction,dinov3,upscaled_lanczos,greedy,0.4,6,0.22826086956521738,0.17963534657906544,0.09947980595008475,0.9247487095897854
Combined + WB + Bright,Fusion of whole image + face + body parts with white balance and brightness,dinov3,combined,greedy,0.45,4,0.2028985507246377,0.17322308956450289,0.09565266710149449,0.9163270850312415
ViT Combined + WB + Bright,"Fusion of whole + face + body with ViT-base, white balance, and brightness",vit,vit_combined,greedy,0.4,4,0.21739130434782608,0.17179241959027533,0.09466618589299088,0.9271936973648465
OSNet Combined + WB + Bright,Fusion of whole + face + body with OSNet CNN embeddings,osnet,osnet_combined,greedy,0.75,42,0.6739130434782609,0.3378083047143303,0.39706422018348625,0.2939418636240152
OSNet Fine-tuned Improved Combined + WB + Bright,Fusion of whole + face + body with the improved fine-tuned OSNet checkpoint,osnet_finetuned_improved,osnet_finetuned_improved_combined,greedy,0.643,5,0.4673913043478261,0.37210253613307886,0.248384454355147,0.741374626460201
ConvNeXt-Tiny Combined + WB + Bright,Fusion of whole + face + body with ConvNeXt-Tiny embeddings,convnext,convnext_combined,greedy,0.6,41,0.4166666666666667,0.14899440675949066,0.132570944515036,0.17006248302091823
EfficientNetV2 Combined + WB + Bright,Fusion of whole + face + body with EfficientNetV2 embeddings,efficientnetv2,efficientnetv2_combined,greedy,0.55,75,0.5797101449275363,0.16179844012846,0.18509447165850246,0.1437109481119261
DeiT Combined + WB + Bright,Fusion of whole + face + body with DeiT embeddings,deit,deit_combined,greedy,0.5,19,0.33695652173913043,0.1857228760415772,0.13580402010050252,0.2936701983156751
FastReID Combined + WB + Bright,Fusion of whole + face + body with FastReID embeddings,fastreid,fastreid_combined,greedy,0.575,1,0.19927536231884058,0.17683937450457593,0.09699604743083004,1.0
FastReID Combined + WB + Bright,Fusion of whole + face + body with FastReID embeddings,fastreid,fastreid_combined,greedy,0.6,1,0.19927536231884058,0.17683937450457593,0.09699604743083004,1.0
FastReID Combined + WB + Bright,Fusion of whole + face + body with FastReID embeddings,fastreid,fastreid_combined,greedy,0.625,1,0.19927536231884058,0.17683937450457593,0.09699604743083004,1.0
Whole + Face,Fusion of whole image embedding and face region,dinov3,whole_plus_face,greedy,0.45,3,0.20652173913043478,0.17560588001589195,0.09663578475581427,0.9606085302906818
Combined + Upscaled + WB + Bright,"Fusion of whole image + face + body parts with Lanczos upscaling, white balance, and brightness",dinov3,combined_upscaled,greedy,0.45,4,0.20652173913043478,0.1732744453574363,0.09568102543742733,0.9165987503395816
Whole Image Embedding,Full detection crop DINOv3 embedding baseline,dinov3,whole_embedding,hdbscan,0.965,113,0.6884057971014492,0.10133594004561748,0.12657712657712658,0.08448791089377887
ViT Whole Image,Standard ViT-base supervised ImageNet embedding,vit,vit_whole,hdbscan,0.6,189,0.8985507246376812,0.04384133611691023,0.5562913907284768,0.022819885900570498
OSNet Whole Image,OSNet x1.0 MSMT17-trained whole-image CNN embedding (256x128),osnet,osnet_whole,hdbscan,0.6,144,0.9637681159420289,0.13309894525364138,0.8803986710963455,0.07199130671013311
OSNet Fine-tuned Improved Whole Image,Improved OSNet checkpoint trained with identity-balanced batches and pairwise-F1 selection,osnet_finetuned_improved,osnet_finetuned_improved_whole,hdbscan,0.643,98,0.9710144927536232,0.5473275024295433,0.9617486338797814,0.382504754142896
ConvNeXt-Tiny Whole Image,ConvNeXt-Tiny whole-image embedding,convnext,convnext_whole,hdbscan,0.6,179,0.8731884057971014,0.0497151734852408,0.5303867403314917,0.026079869600651995
EfficientNetV2 Whole Image,EfficientNetV2 whole-image embedding,efficientnetv2,efficientnetv2_whole,hdbscan,0.6,178,0.8804347826086957,0.048679440704298284,0.5193370165745856,0.025536538983971745
DeiT Whole Image,DeiT small whole-image embedding,deit,deit_whole,hdbscan,0.6,167,0.8913043478260869,0.060041407867494824,0.6338797814207651,0.03151317576745449
FastReID Whole Image,FastReID ResNet-50 whole-image embedding,fastreid,fastreid_whole,hdbscan,0.6,192,0.8188405797101449,0.026638809088534863,0.34459459459459457,0.013854930725346373
Face Region,Cropped face / head region embedding,dinov3,face_region,hdbscan,0.955,147,0.8152173913043478,0.07808911345888837,0.2526002971768202,0.04618310241782125
ViT Face Region,Face crop with ViT-base,vit,vit_face,hdbscan,0.6,189,0.8985507246376812,0.04384133611691023,0.5562913907284768,0.022819885900570498
Upper/Lower Parts,Split upper-body and lower-body crop embeddings,dinov3,person_parts,hdbscan,0.955,160,0.8768115942028986,0.06612410986775179,0.5179282868525896,0.035316490084216244
Lanczos Upscaled,Lanczos-resized crop before feature extraction,dinov3,upscaled_lanczos,hdbscan,0.965,116,0.6992753623188406,0.10224274406332454,0.13008812421317667,0.08421624558543873
Combined + WB + Bright,Fusion of whole image + face + body parts with white balance and brightness,dinov3,combined,hdbscan,0.6,153,0.8731884057971014,0.07173747138132791,0.564,0.03830480847595762
ViT Combined + WB + Bright,"Fusion of whole + face + body with ViT-base, white balance, and brightness",vit,vit_combined,hdbscan,0.6,165,0.8442028985507246,0.05211558307533539,0.517948717948718,0.02743819614235262
OSNet Combined + WB + Bright,Fusion of whole + face + body with OSNet CNN embeddings,osnet,osnet_combined,hdbscan,0.6,130,0.9311594202898551,0.169921875,0.8385542168674699,0.0945395273023635
OSNet Fine-tuned Improved Combined + WB + Bright,Fusion of whole + face + body with the improved fine-tuned OSNet checkpoint,osnet_finetuned_improved,osnet_finetuned_improved_combined,hdbscan,0.643,96,0.9601449275362319,0.5445717615070887,0.9550408719346049,0.3808747622928552
ConvNeXt-Tiny Combined + WB + Bright,Fusion of whole + face + body with ConvNeXt-Tiny embeddings,convnext,convnext_combined,hdbscan,0.6,160,0.8623188405797102,0.062242798353909466,0.5845410628019324,0.03287150230915512
EfficientNetV2 Combined + WB + Bright,Fusion of whole + face + body with EfficientNetV2 embeddings,efficientnetv2,efficientnetv2_combined,hdbscan,0.6,161,0.8804347826086957,0.07757080887981628,0.6386554621848739,0.041293126867698995
DeiT Combined + WB + Bright,Fusion of whole + face + body with DeiT embeddings,deit,deit_combined,hdbscan,0.6,168,0.9239130434782609,0.07166795565867491,0.702020202020202,0.03776147785927737
FastReID Combined + WB + Bright,Fusion of whole + face + body with FastReID embeddings,fastreid,fastreid_combined,hdbscan,0.6,172,0.7536231884057971,0.025673940949935813,0.2336448598130841,0.013583265417006248
Whole + Face,Fusion of whole image embedding and face region,dinov3,whole_plus_face,hdbscan,0.96,159,0.8695652173913043,0.0660860655737705,0.57847533632287,0.03504482477587612
Combined + Upscaled + WB + Bright,"Fusion of whole image + face + body parts with Lanczos upscaling, white balance, and brightness",dinov3,combined_upscaled,hdbscan,0.6,153,0.8695652173913043,0.07220950928044749,0.5634920634920635,0.038576473784297745
